method,imp_id,syn_id,cosine_mean,js_mean,wasserstein_mean,ds_idx
ctgan,1.0,1.0,0.12396871852785407,0.03690072799024206,0.07647819699200988,1
ctgan,1.0,2.0,0.12303799742365214,0.036885296541590576,0.07750974227144036,2
ctgan,1.0,3.0,0.1233454515565715,0.03691168505814522,0.07989109560881695,3
ctgan,1.0,4.0,0.12707577734678338,0.037297809622805995,0.0809073303189576,4
ctgan,1.0,5.0,0.12209219774072697,0.036728933549368424,0.07813148964894108,5
ctgan,1.0,6.0,0.12475762352490694,0.03704162791309592,0.08125794833883929,6
ctgan,1.0,7.0,0.12181766931152489,0.03666877161825145,0.08073680962276493,7
ctgan,1.0,8.0,0.12415790392105312,0.03693973899460295,0.07227383759115888,8
ctgan,1.0,9.0,0.12234959149135019,0.03672211983030995,0.07995369828434691,9
ctgan,1.0,10.0,0.12381140687290912,0.036547286259179926,0.07893720629136083,10
ctgan,2.0,1.0,0.11360315177524716,0.03519504714077691,0.07634833802705293,11
ctgan,2.0,2.0,0.11247843337592578,0.03493606442319783,0.06659493969525185,12
ctgan,2.0,3.0,0.11156719640434243,0.03484258278961688,0.06425001409066253,13
ctgan,2.0,4.0,0.11364662101922059,0.03524402528557153,0.07311853831631235,14
ctgan,2.0,5.0,0.11564594101801876,0.03533126862991463,0.06633997675799172,15
ctgan,2.0,6.0,0.11313898175285571,0.0355261030538694,0.0647284323440387,16
ctgan,2.0,7.0,0.1102445950244965,0.03516901065796346,0.06898914091703344,17
ctgan,2.0,8.0,0.11532212478595842,0.035460703833681065,0.0675268670874958,18
ctgan,2.0,9.0,0.11281431335766834,0.035135348173219186,0.0707557148590465,19
ctgan,2.0,10.0,0.11307479945899328,0.0358879792582001,0.07183838432097558,20
ctgan,3.0,1.0,0.11223282649077297,0.035865814328944576,0.07051897917330333,21
ctgan,3.0,2.0,0.1101239778491333,0.036173072479864524,0.07601977820223202,22
ctgan,3.0,3.0,0.11097598651440654,0.036234788390582126,0.07388355593949726,23
ctgan,3.0,4.0,0.11344476534505643,0.03584403353236093,0.06926416229614957,24
ctgan,3.0,5.0,0.11513285416145289,0.03610090252784756,0.07370032715393457,25
ctgan,3.0,6.0,0.11382029249949104,0.03563632990840773,0.07160598075924236,26
ctgan,3.0,7.0,0.11356423559056894,0.035898984386786806,0.07012053519286068,27
ctgan,3.0,8.0,0.11300772217448847,0.03599243464714765,0.07681937040390574,28
ctgan,3.0,9.0,0.11261442830642558,0.03590043769226875,0.07704701289498024,29
ctgan,3.0,10.0,0.11239697118601122,0.03593487673370989,0.07229423683452016,30
ctgan,4.0,1.0,0.11127133188233104,0.03617782867896272,0.07556360758107794,31
ctgan,4.0,2.0,0.10902194008216241,0.03603351415142368,0.07347868726249333,32
ctgan,4.0,3.0,0.10993485407811507,0.036218235689987964,0.07404425676906459,33
ctgan,4.0,4.0,0.11029568655989339,0.03614364518309178,0.07758084066285499,34
ctgan,4.0,5.0,0.1105553340876932,0.036710551466469024,0.07607765534547303,35
ctgan,4.0,6.0,0.11141412138373566,0.036228807524508626,0.0757133917181316,36
ctgan,4.0,7.0,0.11235395849929501,0.03678099836710367,0.06958402478505032,37
ctgan,4.0,8.0,0.11042382310495517,0.03649487743314002,0.07409305956141993,38
ctgan,4.0,9.0,0.11172842560398757,0.0361028926590233,0.0774171649040771,39
ctgan,4.0,10.0,0.10932055597298378,0.03619296235280857,0.0715104031795735,40
ctgan,5.0,1.0,0.11344169465794782,0.03667838700213869,0.06396942361939947,41
ctgan,5.0,2.0,0.1125830556369668,0.03625354908411297,0.07110600002087614,42
ctgan,5.0,3.0,0.11628161040601655,0.03647672878946591,0.07008481391208375,43
ctgan,5.0,4.0,0.1156027731836476,0.036496532753657815,0.06879152315957265,44
ctgan,5.0,5.0,0.11467874954222479,0.0364820778715402,0.06504777328076675,45
ctgan,5.0,6.0,0.11517682860758079,0.03691600399498933,0.0666554611526354,46
ctgan,5.0,7.0,0.11225120768620786,0.03629056839830134,0.06805942630724657,47
ctgan,5.0,8.0,0.11415364141205028,0.03662511002504499,0.07349188969362394,48
ctgan,5.0,9.0,0.11327480441188094,0.036709629517867444,0.06748094058327929,49
ctgan,5.0,10.0,0.11492353530294255,0.03684564216417992,0.0702006371702717,50
ecdf,1.0,1.0,0.11166564028895401,0.0322514825004801,0.02169912518666536,1
ecdf,1.0,2.0,0.1135085389444093,0.03229462127914763,0.01766358693581929,2
ecdf,1.0,3.0,0.10926343246308985,0.03190343222564208,0.01954593026617108,3
ecdf,1.0,4.0,0.11185398858306264,0.03186376577393514,0.01990786117330879,4
ecdf,1.0,5.0,0.10961357203298269,0.03212987028032148,0.01680270132229285,5
ecdf,1.0,6.0,0.11368195239825996,0.032001504961199516,0.018799491787798075,6
ecdf,1.0,7.0,0.10826645435572602,0.03142974642090181,0.017493167199927294,7
ecdf,1.0,8.0,0.11076100235836842,0.03229305149987183,0.024717349637775023,8
ecdf,1.0,9.0,0.11194234461028055,0.031983900864259264,0.0159510539558667,9
ecdf,1.0,10.0,0.11087554116757181,0.031151850160761656,0.011221885446984294,10
ecdf,2.0,1.0,0.10428136631804441,0.03203773355853587,0.024200861468375644,11
ecdf,2.0,2.0,0.10474947259962135,0.03285148799706393,0.02639271821751784,12
ecdf,2.0,3.0,0.10421347812614945,0.0324051374567953,0.02079209870484882,13
ecdf,2.0,4.0,0.10011356480596847,0.03181335227320951,0.007700716699079529,14
ecdf,2.0,5.0,0.10177360702680119,0.03234875773870538,0.017724401171235395,15
ecdf,2.0,6.0,0.10638868246747449,0.03256628170407684,0.02885295566179218,16
ecdf,2.0,7.0,0.10387028454462748,0.031725616920689696,0.024257273403380415,17
ecdf,2.0,8.0,0.10865815956919744,0.03288015840057303,0.04176016678404756,18
ecdf,2.0,9.0,0.10715069950247588,0.032755991290155585,0.025765613390679877,19
ecdf,2.0,10.0,0.10398534866321885,0.03146917751468,0.02118953560443426,20
ecdf,3.0,1.0,0.10112541296278584,0.03259459951193288,0.02201238012617255,21
ecdf,3.0,2.0,0.10136126343781444,0.031238518005515477,0.010631506134859161,22
ecdf,3.0,3.0,0.10152651093855972,0.03256588227816572,0.020783590333377032,23
ecdf,3.0,4.0,0.10718376901302029,0.03153846696157972,0.03166833122578485,24
ecdf,3.0,5.0,0.1028396510169424,0.032047326830046796,0.02291659999372814,25
ecdf,3.0,6.0,0.1047592567835169,0.03191328119725343,0.028861349430659194,26
ecdf,3.0,7.0,0.10456325350108595,0.032811616692804565,0.0335653726554407,27
ecdf,3.0,8.0,0.10552915007765733,0.0321215186569568,0.0254425377641178,28
ecdf,3.0,9.0,0.1069521028050728,0.03246272849336509,0.031606199711480557,29
ecdf,3.0,10.0,0.10268266332430886,0.031935808758739956,0.021454919192258178,30
ecdf,4.0,1.0,0.09690845412373687,0.030858760202945812,0.012797814724829128,31
ecdf,4.0,2.0,0.09961391111699934,0.032089463489258604,0.02646731625619599,32
ecdf,4.0,3.0,0.10287695586824572,0.03192242527158416,0.030104538995131984,33
ecdf,4.0,4.0,0.10083795711232084,0.031704743525554385,0.013801528618368818,34
ecdf,4.0,5.0,0.10208293928524914,0.03161109163114523,0.029002955275097313,35
ecdf,4.0,6.0,0.09878468747055018,0.03189449422192604,0.017567516736311774,36
ecdf,4.0,7.0,0.10238850213077066,0.032754801578459544,0.02679450443251266,37
ecdf,4.0,8.0,0.10386029278864173,0.0322113876463118,0.03898041389402653,38
ecdf,4.0,9.0,0.09795058481221547,0.03193872479721537,0.015070240769144618,39
ecdf,4.0,10.0,0.10229041838469344,0.03186206891899778,0.0322302956508301,40
ecdf,5.0,1.0,0.10117075492866909,0.03161663126264279,0.02534894899813177,41
ecdf,5.0,2.0,0.09852768544554773,0.032212649353843215,0.025078152903540596,42
ecdf,5.0,3.0,0.09882096875272059,0.03177624062589084,0.01225988793898191,43
ecdf,5.0,4.0,0.10712451050487189,0.0319806917271914,0.03942116961265765,44
ecdf,5.0,5.0,0.09929487176278703,0.03199424798046057,0.019305649478877654,45
ecdf,5.0,6.0,0.10733749347006558,0.031092319977554583,0.03319169289440941,46
ecdf,5.0,7.0,0.09892375822566049,0.031142289267390027,0.014849586709710094,47
ecdf,5.0,8.0,0.10018445191784901,0.031751940417846417,0.025787051612147817,48
ecdf,5.0,9.0,0.10435949284380985,0.03242789171923751,0.033387464985881216,49
ecdf,5.0,10.0,0.09971224185042202,0.031858289772835356,0.019276057705076486,50
